insert into Patient values ('557799LZ', 'John Smith', '1990-07-01', 'London');
insert into Patient values ('879865PL', 'Roger Smith', '1987-05-05', 'Liverpool');
insert into Patient values ('427511SI', 'James Bond', '1975-08-30', 'Bristol');
insert into Patient values ('511324GH', 'Kelly Fernandez', '1985-10-06', 'London');
insert into Patient values ('462378TR', 'Liz Wang', '1987-12-25', 'Birmingham');
insert into Patient values ('988994ER', 'Richard Gun', '1965-11-15', 'Manchester');
insert into Patient values ('001278WQ', 'Gisele Joly', '1950-02-07', 'Manchester');
insert into Patient values ('904568UK', 'Isaac Newton', '1966-04-09', 'Sheffield');
insert into Patient values ('718890KP', 'Lilian Holmes', '1955-06-20', 'Liverpool');
insert into Patient values ('111555CB', 'Wellington Ramirez', '1959-09-14', 'London');

insert into Doctor values ('557799LZ', 'D101');
insert into Doctor values ('879865PL', 'D102');
insert into Doctor values ('427511SI', 'D103');
insert into Doctor values ('511324GH', 'D104');
insert into Doctor values ('462378TR', 'D105');
insert into Doctor values ('988994ER', 'D106');
insert into Doctor values ('001278WQ', 'D107');
insert into Doctor values ('904568UK', 'D108');
insert into Doctor values ('718890KP', 'D109');
insert into Doctor values ('111555CB', 'D110');

insert into Device values ('S1', 'Siemens', 's6373');
insert into Device values ('B1', 'Bosch', 'b7566');
insert into Device values ('M1', 'Medtronic', 'm9800');
insert into Device values ('M2', 'Medtronic', 'm7658');
insert into Device values ('M3', 'Medtronic', 'm3333');
insert into Device values ('M4', 'Medtronic', 'm3333');
insert into Device values ('M5', 'Medtronic', 'm9800');
insert into Device values ('S2', 'Siemens', 's3421');
insert into Device values ('B2', 'Bosch', 'b8765');
insert into Device values ('T1', 'Thermotec', 't2990');
insert into Device values ('T2', 'Thermotec', 't2990');
insert into Device values ('H1', 'Honeywell', 'h6776');
insert into Device values ('H2', 'Honeywell', 'h4444');
insert into Device values ('E1', 'Envitec', 'e5876');
insert into Device values ('E2', 'Envitec', 'e5876');

insert into Sensor values ('S1', 'Siemens', 'mg/dL');
insert into Sensor values ('B1', 'Bosch', 'g/dL');
insert into Sensor values ('M1', 'Medtronic', 'mg/dL');
insert into Sensor values ('M2', 'Medtronic', 'g/dL');
insert into Sensor values ('M3', 'Medtronic', 'mg/dL');
insert into Sensor values ('M4', 'Medtronic', 'mg/dL');
insert into Sensor values ('M5', 'Medtronic', 'mg/dL');
insert into Sensor values ('S2', 'Siemens', 'g/dL');
insert into Sensor values ('B2', 'Bosch', 'mg/dL');
insert into Sensor values ('T1', 'Thermotec', 'mg/dL');
insert into Sensor values ('T2', 'Thermotec', 'mg/dL');
insert into Sensor values ('H1', 'Honeywell', 'mg/dL');
insert into Sensor values ('H2', 'Honeywell', 'g/dL');
insert into Sensor values ('E1', 'Envitec', 'mg/dL');
insert into Sensor values ('E2', 'Envitec', 'mg/dL');










